,document,label,label2
98,타사 뮤직어플 대비 불편할 정도로 많게 검열되 삭제된 곡 적은 보유수의 곡다양화되지 않은곡으로 인해예팝 해외각종장르 국내인디 애니메이션 등 타사 어플에 비해 너무나도 적은 곡의 보유 갯수유저 대부분은 대중가요를 많이 듣지만 일부 유저들은 다양한 장르를 듣는다 점을 알고 많고 다양한 곡의 보유가 필요합니다,0,4
155,이노래좀 넣어주세요,0,4
156,제발 앨범까지 내놨으면서 에브리띵 블랙을 안 넣어놓다니 진짜로 센스가 너무 없으시네 이거 넣어주시면 제가 진짜 진짜 애플 쓰는데 애플뮤직 안 쓰고 제 대한테 계속 지니만 쓰라고 유서에 적어둘게요 ,0,4
164,지니뮤직은 없는노래가 너무 많아요,0,4
186,잘 듣고 있었는데 언제부터인가드래이크랑 메리언힐 노래가 아예 없더라구요,0,4
222,아쉬운 점은 특별히 없지만 가끔 듣고 싶은 팝송이 없을 때가 있어요,0,4
223,곡 추가 열심히 해주세요,0,4
378,한국 아이돌 노래만 들을 수있게 아이돌 차트가 생기면 좋겠어요,0,4
379,정말 원해요 ㅜㅜㅜ 인기차트 들을때마다 랩 발라드 트로트 등등이 많아서 너무 불편하거든요ㅠㅜ,0,4
436,년부터 이용했던 것 같은데 요금제도 무손실음원도 조금씩 없애고 이제 음원도 안되는게 너무 많네,0,4
929,음악 다양성이 너무 다른 곳에 비해 부족한것 같아요,0,4
934,다름이 아니라 의 이 너무 듣고 싶은데 음원 사이트에서 막혀 있어서 듣질 못하네요 ㅜ,0,4
935,너무 듣고 싶은데 풀어주시면 좋겠어서 리뷰에 작성합니다,0,4
936,노래 많이 풀어주셨으면 좋겠어요,0,4
985,모든 기능이 다 좋고 유용해요 구간 반복 입체 사운드 유사곡 추천 등등 다 좋은데 다른 음악사이트에 비해 없는 곡들이 있어요ㅠㅠ,0,4
986,영화 가 음원이 안나온줄 알았는데 타음악사이트들에는 있더라구요,0,4
1041,다른 애들은 다 멜론을 썼지만 약간 지니만의 감성이 있어 평생 함께 쓸것 같습니다 하지만 가끔 제가 찾고 싶어하는 노래들이 없는 경우가 있더라고요 ㅠㅠ 이것 말고는 진짜 만족하면서 사용하고 있어요,0,4
1064,이 노래 음질이 지금 좀 이상한 것 같아요,0,4
1136,이 노래 너무 좋은데 추가해줬으면 좋겠어요,0,4
1140,가사 미등록 곡이 타 어플에 비해 너무 많습니다,0,4
1141,이렇게 남기면 또 문의에 해당곡 남겨달라는 복붙 답변이 달리겠지만 그냥 몇곡의 문제가 아니라 인디나 별로 유명하지 않은 음원은 거의 프로 이상 가사 연동 안되어있고 같은 곡 멜론이나 벅스에 검색해보면 지니보다 훨씬 많이 되어있어요,0,4
1142,이부분은 인력을 늘리시던지 음원 등록할때 바로바로 좀 가사 등록 해줬으면 좋겠네요,0,4
1170,노래없음,0,4
1231,존경하는 지니 개발자님들 일본노래좀 많이많이좀 ㅠㅠ 들여와주세요,0,4
1233,와타시와 지니오 신지테루 다카라 하야쿠 의 봄을 고하다 들여와주세요 ㅠ,0,4
1234,미스안드로이드 노래들도 부탁드립니다 제발 고음질로 좋게 듣고싶어요,0,4
1235,제이팝부분 애플뮤직 다음으로 짱먹어봐요 지니 아자아자화이팅,0,4
1293,외국 드라마 도 있으면 좋을 갓 같아요,0,4
1301,일본 노래 추가좀 해주세용,0,4
1318,간혹 노래가 다른 곳보다 늦게 업뎃 되어 아쉬워요,0,4
1321,그리고 버즈 모놀로그음원은 재녹음 버전으로 해주시면 안될까,0,4
1339,님의 노래가 갑자기 없어져서요 ㅠㅠ 왜 없어졌는지도 궁금하고 다시 노래가 생겼으면 좋겠어요,0,4
1340,그 노래 너무좋아하는데 갑자기 없어져버려가지고 사운드 클라우드에도 초밖에 못 듣더라구요 ㅠㅠ,0,4
1367,원작자가 제공을 안해줘서 노래 등록을 못하는건 너무 아쉽네요ㅠㅠ,0,4
1541,저작권 문제로 못듣는 노래도 많고 좀 개선좀요,0,4
1627,너무 듣고싶은 팝송이있는데 권리사의 요청으로 중지됬다나그렇게뜨는데 라고 조니 스팀슨 노래인데요,0,4
1628,제발 풀어주세요ㅠㅠ,0,4
1629,음악에 몸을 맡기고싶은데 안풀려서 못듣고있어요ㅠ,0,4
1630,음악에 몸을 맡기려고 에어팟프로도 사고 이제 화려한 팝송만이 나를 감싸면되는데 이노래가 없어요,0,4
1632,그리고ㅠㅠ팝송좀 많이 넣어주세요,0,4
1633,저진짜 지니너무잘쓰고있는데 유튜브에서 딱 띵팝송찾아서 지니에들어가서 검색하면 없더라고요혹시 지니 신청곡 쓰는곳이 있나요,0,4
1635,좀 풀어주시고 팝송좀 많이 넣어주세요,0,4
1680,더 많은 양의 음원 확보만 해주시면 정말 평생 고객 합니다,0,4
1716,글고 곡 신청하면 추가해주세요 ㅠㅠ,0,4
1738,팝송도 업데이트 좀 해주세요,0,4
1741,한달이 돼가는것 같은데 아직도 음원신청한건 깜깜무소식이네요,0,4
1760,정말 잘 쓰고 있는데 이 노래 좀 넣어주세요 ㅠㅠ,0,4
1762,아무튼 좀 음원 노래가 아닌 것 같아서 다른 것 찾아봤는데 까지 밖에 없고 제대로 된 음원 노래는 없더라구요,0,4
1763,제대로 이 노래 넣어주시면 감사하겠습니다,0,4
1765,노래 추가 부탁드려요,0,4
1770,노래가 좀 전체적으로 부족하다고 생각합니다 추가좀 해주세요,0,4
1771,개 한정이라 너무 불편했는데 곡으로 늘려주셔서 너무나 감사드리옵저 절 한번 올리겠습니다,0,4
1772,단 한 가지 간청드리자면 서비스 종료된 노래들은 무슨 연유로 그렇게 되었는지 궁금헙니다,0,4
1900,하지만 제가 별 하나를 뺀 이유는 플레이리스트에 넣을 수 있는 곡 제한이 너무 적은 것 같다는 것과 라는 분의 곡 이 없다는 것이에요,0,4
1901,요즘 빠져버렸는데 지니에 없다는 것이ㅜㅜㅜㅠㅠㅠ 없는 이유가 따로 있겠지만 저는 너무 슬프더라구요,0,4
1903,그래서 이 생겼음 좋겠는데 어떻게 할 수가 없는 걸까요 ㅠㅠㅠㅠ,0,4
1904,노래 추가좀 해주세용,0,4
1920,휴 하 이 노래 하나 때문에 저 갈아탈수도 있을거같아요,0,4
1921,제발 이 노래 넣어주세요,0,4
1948,아빠가 원하는 옛날노래도 찾아드릴려하면 맨날 실패하네요 ㅠㅠ,0,4
1981,해외 노래들이 많이 줄어든거 같아요,0,4
2104,제발 일 좀 하시죠지금 작년부터 기다리는 사람들도 있는데노래 업데이트가 너무 안돼요특히 노래들마이너 가수라고 무시하시지 말고 노래 추가 좀 잘해주세요,0,4
2131,가사가 없는 팝송도 되게 많네요 무료 불법 음악앱도 아니고 가사 제공 간곡하게 부탁드립니다 ,0,4
2167,외국 노래가 드럽게 안올라와 개답답하긴 한데,0,4
2172,지니 노래가 좀 부족해,0,4
2175,나의 소녀시대 정말좋아하는데 여기서만 재생이 안돼서 다른 노래 몇 곡도 안되던데 풀어주시면 감사하겠습니다,0,4
2178,이라는 곡인데 유튜브에서 우연히 들었는데 어 이거 지니뮤직에 들어가 다운 받아야지 했는데 없어서 너무 속상합니다,0,4
2179,제발좀 추가 해주세요,0,4
2262,곡 없어요,0,4
2357,음질이 이상해졌어요,0,4
2379,그리구 가끔 듣고싶은 노래들이없어요,0,4
2380,다양하게해주세요,0,4
2420,팝송 찾을 때 안 나오는 팝음악들이 있는데 많이 많이 올려주어서 많이 들어보고 싶어요,0,4
2442,원곡 좀 올려주세요,0,4
2458,음질이 지금 좀 안좋아졌어요 곡 노래 음질이 이상해요,0,4
2471,그런데 다른 곳에서 추천 받거나 듣고 싶은 노래가 생겨서 검색하면 안나오는 노래도 많을 뿐더러 재생을 막아둔 곡도 많습니다,0,4
2472,적어도 막아둔 노래는 왜 막아뒀는 이유라도 알고싶어요,0,4
2473,잘 듣고 있던 노래도 갑자기 막혀서 못들으면 짜증도 나요,0,4
2480,다른 음악앱 쓰다가 지니로 넘어왔는데팝송위주로 들어서 곡 찾으려고 하면 없는게 많네요,0,4
2481,물론 모든 노래를 다 올려주실수 없다는 건 잘 알지만 의 이라는 노래는 유명한 노래임에도 안올라와 있어 들을수없어요,0,4
2536,팝송이 너무 없는게 많다,0,4
2557,제발 의 노래 좀 넣어주세요,0,4
2558,너무 잘 사용하고았는데 없는 노래있을때마다 맴찢쓰 ㅠㅠ,0,4
2612,없는 곡이 넘 많아용 잘 듣고있기는 한데 좀 제발 넣어주세요 ㅠㅡㅜ,0,4
2613,응원댓글보면 추가해달라고 난리입니다,0,4
2662,다 좋은데 노래 올려주시면 감사할 거 같아요 ㅠㅠ,0,4
2663,몇 명 아티스트 중에 좋은 노래가 없어서 속상하네요,0,4
2678,그리고 가수 의 명반 중 하나인 왜 없나요 앱 내에서도 질문 드렸는데 그냥 사정때문에 지원이 불가하다는데 멜론이나 이런 곳은 있으면서 지니엔 왜 없는 것인가요 은 꽤나 많은 사람이 듣는 가수인데 말이죠,0,4
2807,그래도 꽤 많은 이용자가 있을텐데 노래가 너무 없어요,0,4
2808,노래 신청할 수 있는 게시판 만들어주시면 안될까요 제발 다른 곳으로 옮길까 매번 하다가 플레이스트 옮기기 귀찮아서 안 옮기는중이에요,0,4
2942,진짜 다 좋은데 듣고싶은 음악이 없는것도 있더라구요 ㅠㅠ,0,4
2943,이 곡은 아직 안올라온건가요,0,4
2956,대장금 오나라만 좀 추가해주시면 더 행복 할 것 같아요,0,4
2957,돈 더 많이 투자할게요 대장금 년 넘게 시청하는 애청자로서 오나라만 있으면 출퇴근하면서 매일 들을 수 있는데 없어서 아쉬워요,0,4
3016,일본 노래 추가해줘요,0,4
3017,노래 부르고 싶긔 제발 부탁 우리 아이묭을 위해서라면 다 하고싶은데 내한도 안해주는데 지니라도 부탁 긔긔 제발로 ㄹㅇ 원해서 그럼 일본 노래 맘 편히 듣고싶음,0,4
3018,제발 ㅠㅠㅠ 부탁 긔긔,0,4
3026,듣고 싶은 곡이 너무없어요,0,4
3027,지금 몇년동안 계속 지니와 함께 했는데듣고 싶은 곡 중에 지니에 없는게 너무 많아요,0,4
3028,제가 주로 듣는 건 팝송인데팝 쪽 곡 좀 많이 등록해주세요,0,4
3029,제가 찾는 곡이 지니에는 없고 다른 사이트에는 있다는 말에바꿔야 하나 생각하고 있어요,0,4
3030,팝송추가좀,0,4
3037,라는 노래가 없어서요 다 좋은데 그 노래가 없어요,0,4
3038,진상 같을 수도 있지만 꼭 이 노래 업데이트 해주세요,0,4
3054,노래 추가좀해줘여 이거,0,4
3056,아이패드에서 로 듣는데요 음질이 좀 많이 저하되는데요 고음이 상당히 어둡고 칙칙해집니다,0,4
3057,애플 아이패드 자체 내장 음악앱이나 를 로 감상하면 음질저하가 전혀 없는 데 유독 지니를 로 감상하면 음질이 많이 떨어집니다 심지어 유투브보다 음질이 떨어지는 것 같습니다,0,4
3058,무언가 음질저하에 이유가 있을 거 같은 데 확인 부탁합니다,0,4
3059,음질 때문에 멜론에서 지니로 넘어왔는 데 말입니다,0,4
3060,추가 모든 음원에 해당하며 제 생각에는 지니에서 받은 음원을 원음 그대로 로 전송하는 것이 아니라 애플에서 뭔가 내부적으로 디지털파일을 디코딩 인코딩하는 것 아닌가 의심해봅니다 애플 지체 내장앱에서는 그런 변환이 일어나지 않는 것 같구요,0,4
3073,거의 년 넘게 사용하고있는데 예전 지니장점은 음원이 많은거였는데 이젠 진짜 아닌거같아요,0,4
3074,없는 곡이 넘 많아요ㅠㅠㅠ,0,4
3075,예뻐지면 뭐하나요 음악어플에 음악이 업따요ㅠ 신경써주세요,0,4
3076,진심 곡넘없어서 다른곳왔다갔다중 ㅠㅠ,0,4
3120,제가 일본노래를 좋아하거든요,0,4
3136,근데 요즘 점점 권리자의 요청으로 서비스 중지중인 곡이 너무 너무 많아 지는 것 같아요 ㅠㅠ,0,4
3137,제가 외국 노래를 많이 들어서 그런지 잘 듣던 노래들이 갑자기 권리자의 요청으로 못 듣는게 많네요,0,4
3138,좋아하는 노래들을 지니에서 못 듣는게 너무 아쉬운데 어떻게 안 될까요,0,4
3154,해외 노래가 너무 없어요,0,4
3226,노래 등록이 애플뮤직벅스멜론 보다 너어어어어어무 느려요,0,4
3227,진짜 빨리 등록 해주세요ㅠ,0,4
3229,패드에서 음질이 이상해요,0,4
3234,노래가 좀 다양하지 못한거 같아요 다른 앱이 더 다양해요,0,4
3436,음질 별로에요,0,4
3552,이 가수 노래가 없어요 왜그런걸까요 추가부탁해요,0,4
3553,중국노래좀 넣어주세요,0,4
3554,다 좋은데 노래가 없어요 요청 부탁드립니다,0,4
3596,차피 별 적게주면 묻히니까 많이주고 말하는디 진짜 뭐랄까 앱이 좀 불편함 그리고 중국노래가 너무 적고 진짜 사람들이 찾는 중국노래는 없고 그지같은것만 있음,0,4
3600,노래가 너무 적다 진짜 추가좀 해줘요,0,4
3627,클래식곡들 많이많이 업데이트 해주세요,0,4
3629,클래식 너무 적어요 추가좀요,0,4
3658,음원 추가좀 해주세요 듣고싶은 노래들이 없어요,0,4
3705,국내 곡같은 경우는 좀 유명하지않아도 찾으면 항상 다 나오는데 해외 팝같은 경우는 곡의수가 경쟁사에 비해서 현저하게 부족합니다,0,4
3706,검색엔진 등을 참고해서 검색했는데 나오지 않았던 곡의 수를 좀 확보해 주셨으면 하는 바람이 있습니다,0,4
3796,나만 좋나 물론 가사 등록은 좀 제때 해주셨으면 좋겠지만 랑 재생화면 다 예뻐짐,0,4
3867,현재 해외 팝 차트는 너무 정체되어 있는 느낌이에요,0,4
4026,저는 주로 위주의 노래만 듣는데 지니뮤직은 이 너무너무 없어요,0,4
4027,월결제 해서 듣고 있는데 찾는 음악마다 없으니 유료결제로 사용하는 메리트가 전혀 없습니다,0,4
4028,예를 들면 럭라이등 유명 가수들 음악이 업뎃이 전혀 되고 있지 않고 있어요,0,4
4029,나 애니음악은 더더욱 없구요,0,4
4030,제발 도 다양하게 들을 수 있게 해주세요ㅠㅠ,0,4
4041,노래 다양하게 듣고 싶어요 ,0,4
4042,애니 노래가 너무 없다,0,4
4072,제발 노래좀 추가해줘,0,4
4073,친구 카톡 프로필 뮤직을 듣고 지니에서 다시 계속 들으려고 을 치니 님꺼는 하나도 나오질 않네요,0,4
4074,그리고 진짜 들으려고 할때마다 없는 노래도 너무 많아요,0,4
4123,인디쪽 앨범도 타서비스에 비해 부실함 지니어워드에서 철지난 일본우익가수배우 끌어다 수상하는 거 봐서는 엑스세대에서 못 벗어난 사람들이 기획한다싶음,0,4
4130,인디 노래가 너무 없다,0,4
4168,지니가 제일 잘 맞고 편하고 다 좋은데 잘 듣던 노래가 권리사 요청으로 갑자기 제한이 걸리는건 뭔가요 없는 노래도 좀 있고 진짜 이거때문에 갈아타고싶어져요,0,4
4169,실시간으로 가사을 지원하는 노래도 있는데 그렇지 않는 것도 있습니다,0,4
4181,정말 지니 전부 다 잘쓰고있는데 이 노래들 없어서 너무 아쉬워요 꼭 부탁드려요,0,4
4234,아 노래 추가좀 해줘요,0,4
4275,지니 어플 잘 쓰고 있지만 없는 곡도 간혹 보이고 가사가 넘어가지 않거나 안 적혀있는 게 있어서 아쉬워요,0,4
4298,제발 부탁이에요 라는 일본 아이돌 노래들 제발 넣어주세요,0,4
4300,지니에 노래들이 없어서 정말 당황했잖아요,0,4
4301,곡은 제한이 있어 음악을 상당히 좋아하는 사람으써는 많이 부족 합니다ㅠㅠ,0,4
4302,현재 곡도 많은데 저처럼 음악을 좋아하시는 분 상당히 부족해서 맥시멈 곡 제한을 늘려 주시면 상당히 감사 하겠습니다,0,4
4329,가끔 없는 노래가 있는거 말고는 몇년째 잘쓰고 있어요,0,4
4354,저 죠죠의 기묘한 모험 들을려고 노래 찾는데요 총 곡 중에서 곡은 저작권 때문에 못 들어요,0,4
4355,그거 들을 수 있게 해주시면 감사하겠어요,0,4
4426,님의 라는 노래가 갑자기 사용자의 요청으로 중지됐다고 못듣게 됐어요,0,4
4427,스위프트의 요청으로 일부곡이 스트리밍 중단된 건가 해서 멜론으로 들어가봤더니 거기는 있더라구요,0,4
4428,왜 갑자기 안되는 거죠,0,4
4429,많이 듣는 노래인데,0,4
4437,스트리밍 중단된 곡이 너무 많아요 노래좀 듣고 싶습니다 추가해줘요,0,4
4454,예전까지만 해도 별다른 문제없이 사용하고 있었는데 한 한달전쯤부터 일부 노래들이 스트리밍이 안됩니다,0,4
4455,되는건 또 잘되고스트리밍이 안되는 노래들은 대부분 네트워크 연결이 원할하지 않다거나 스트리밍 서버에 재접속 시도와 같은 알림창이 계속 뜨다가 결국에는 연결에 실패했습니다,0,4
4471,제가 팝송을 좋아하다 보니까 팝송 노래를 지니를 통해 많이 듣는데요 비긴어게인 가사가 인터넷 뒤져보니 틀려먹은 부분이 있고 어떤 노래는 가사가 안뜨더라구욤 그래서 가사 안뜨는 팝송은 검색창에 일일이 쳐볼 수도 없고 ㅜㅜ 가사쪽 부분만 신경써주시면 진짜 감사하겠습니다 ㅜㅜㅜ,0,4
4503,가사가 없는 노래가 좀 있어요 가사 추가좀 해주세요,0,4
4553,홍반장 잊어야 한다는 마음으로를 듣고 싶은데 짤렸네요,0,4
4554,김광석 앨범도 멎게날아 간것 같은데 ㅠ 다시 돌아 올수는 없을까요 ㅠ,0,4
4579,의 정말 듣고 싶습니다,0,4
4580,올려주세요,0,4
4581,부탁드릴게요 혹시나 해서 멜론 들어갔는데 전부 올려져 있더라고요,0,4
4589,무슨 월에 나온 곡이 아직도 없어요,0,4
4590,심지어 는 있는데 음원은 왜 없어요,0,4
4591,댓글 보니까 정식 음원 달라는 말도 많더만,0,4
4593,곡 추가 문의 넣어도 묵묵부답이고 어쩌자는 거세요,0,4
4595,다른 음원사이트엔 다 있던데 ㅋㅋㅋㅋㅋㅋㅋ,0,4
4596,빠른 시일 내에 곡 추가해 주세요,0,4
4597,진짜 유튜브로 듣는 것도 한두 번이지 기다리는 것도 지쳐요 제발 좀 추가해 주실래요,0,4
4611,하양이랑 하늘색이랑 덩그러니 팝송도 가사 없는게 많기도하고 다음에 업데이트하면 번역까지도 됐으면 좋겠어요,0,4
4701,멜론 같이 다른동네는 악틱몽키즈 앨범 뚫린거 지니는 아직도 쳐막혀있고 같이 아예 등록안된아티스트도 많아요,0,4
4702,등록안된 아티스트가 너무 많아요,0,4
4708,등록좀 해주세요,0,4
4760,노래 등록 좀 많이 해주세요,0,4
4761,멜론엔 있는데 지니엔 없고 이런 곡들이 많아서 결국 멜론으로 가거나 유튜브에서 많이 듣네요,0,4
4763,케이팝 팝 발라드 재즈 시티팝 뭐 이렇게요 노래 등록 좀 많이 해주세요,0,4
4764,노래 등록좀 많이 해줘용,0,4
4903,우선 이 앱은 사용자를 배려하지 못하는 유아이라서 음악 리스트를 만들거나 뭐 여러면으로 사용할때 번거롭거나 불편함이 있어서 짜증이 나네요 벅스보다 나은것은 음악추천이나 벅스에는 제한되는 곡들이 좀 있는데 이건 거기에 비해 제한곡이 없는듯 하고요음질이 별로입니다,0,4
4937,제가 좋아하는 노래를 찾으면 이상한거 아니면 없네요,0,4
4938,그래서 이런 점 많이 불편하네요,0,4
4940,노래를 좀 많이 추가 해주세요,0,4
4943,멜론이랑 비교 해도 노래도 외국노래 없는거 넘 많아요,0,4
4992,꼭 좀 만들어주세요,0,4
5227,다 좋고 편리하게 잘 쓰고 있는데 듣고싶은 음악들이 안나와 있고 다른 어플엔 나와있는데 여기엔 안 나와있네요,0,4
5228,업데이트가 느린건가요 아니면 지니 에서 음악을 안 넣어주는건가요,0,4
5236,네이버 멜론에 있는 노래들은 지니뮤직에는 없어요,0,4
5237,음악으로 찾아도 제대로 찾지도 못하고 결국은네이버나 멜론으로 들어가야 곡정보를 찾아요,0,4
5252,음질은 프리미엄으로 구매해야한다고 하지만 너무 지직거리는게 많아졌어요ㅠ 아무리 음질 좋은거 구매하라는 마케팅이라고 하지만 원래 사용하던 것보다 급 하락하는건 아니잖아요ㅠ,0,4
5322,소수 유저가 듣는다고 안해주는건진 모르겠는데 제가 좋아하는 몇곡이 가사추적이 안돼서 구간반복도 안되고 너무 불편합니다,0,4
5323,특히나 힙합 좋아해서 가사보는걸 좋아하는데이거때문에 다른 음악앱으로 갈아타는거 고민하고있어요,0,4
5653,노래도 많이 추가 해 주세요,0,4
5654,없는 노래가 많아요,0,4
5673,다만 노래 곡이 한정적이라서조금 더 이 점을 늘렸으면 좋겠습니다,0,4
5745,왜 없나요,0,4
5746,언제쯤 나올까요 ㅜㅜㅜㅜㅜ,0,4
5758,요즘 지니에 찾는 음원이 없었는데 갈아 탈때가 되가는것 같네요 지니팩이 있어서 쓰고 있었는데 점점 실망이 커져 가네요ㅠㅠ,0,4
5759,다시 랑 들을 수 있게 해주세요,0,4
5762,노래가 너무 적어요 추가해줘요,0,4
5771,음악 많은 걸로 홍보하더니 왜 타 음원 사이트보다 못한 걸까요 너무 자주 듣던 팝송들 다 막히고 한 두번이 아니에요,0,4
5832,정말 화가 나서 미쳐버릴 것 같아서 리뷰 써요 도대체 저스틴 비버 가 왜 금이죠,0,4
5834,마미손 사랑은 이거는 왜 또 금이죠,0,4
5835,조선시대 사람인가요 왜죠 도대체 왜 진짜 말도 안 되는 제발 금 좀 풀어주세요,0,4
5836,지니 정말 다 좋은데 별 것도 아닌 거에 금 좀 걸지 마세요,0,4
5860,호랑수월가 한국버전 노래가 듣고 싶은데 추가해주실순 없나요,0,4
5874,또 노래 요청 합니다,0,4
5875,지금이 번째 요청 이에요,0,4
5942,노래가 너무 적다,0,4
5943,노래가 너무 적다,0,4
5944,외국노래 많이 들어오면 안될까요,0,4
5945,물론 국내 노래앱들 대부분 외국꺼가 많이 없지만 여기는 좀 심한편아 그리고 왜 외국분들 앨범안에 노래가 왜 하나만 있는 경우는 뭔가요 앨범을 추가할거면 노래를 다 넣던가,0,4
5946,왜 하나만 있는 경우는 뭐야,0,4
5969,지니 정말 잘 쓰고있는데 최근부터 이상하게 음의 키가 약간 한키정도로 올라가서 들려요ㅠ,0,4
5970,폰의 문제인줄 알고 타사 음원 사이트 노래들도 들어봤는데 전부 정상적이게 나오길래 지니 앱 다시한번 지웠다가 깔아보고 설정 들어가서 이것저것 뒤져봐도 노래의 음 높이를 설정하는 기능은 없네요,0,4
5982,미드나잇선 영화 오에스티 넣어주세요,0,4
6025,노래 업데이트가 너무 느려요,0,4
6026,다른 유명한 한국노래는 물론 잘 올라오지만 이나 다른 팝 같은 노래 업데이트가 진짜 너무느려요,0,4
6027,저번에는 칸예노래중에 하나 들을려했는데 제목은 맞게 올라왔는데 음원이 다른게 등록되있더라고요 ㅋㅋㅋㅋㅋㅋ 충격먹었습니다,0,4
6070,요즘 권리사 요청으로 인하여서 재생이 불가한 곡들이 꽤 생기는 것 같아요,0,4
6079,전에는 조이님 안녕에 다른 노래가 나오질 않나 고쳐주세요,0,4
6156,그리고 원래 즐겨듣던 노래가 갑자기 로 변하고 욕도 하나 없는 노래들도 로 바꾸다니 그건 대체 뭐죠 는 어쩔 수 없다 쳐도 없는 노래들이 너무 많네요,0,4
6188,아니 어떻게 이 없을수가 있죠최대한 하루 빨리 업데이트 부탁드립니다,0,4
6246,다만 검색해도 나오지 않는 유명한 곡들이 종종 있고 가사가 없는 곡들이 좀 있는게 아쉽네요,0,4
6369,의 라는 노래좀 추가해주세요,0,4
6370,예전엔 국내 최다 곡수 자랑했던거 같던데 그런 말도 어느새 없어졌네요,0,4
6371,멜론은 만곡 이상이라는데지니는 뭐죠,0,4
6411,진짜 좋은 노래가 없는것도 있고 ,0,4
6412,얼른 좋은 노래가 더 많아지고 ,0,4
6496,스포티파이도 곧 들어올텐데 외국곡이나 특정장르는 막혀 있는게 많네요,0,4
6497,대중적인 팝이나 가요말고 다양한 장르락헤비메탈인디월드뮤직가 대응되면 좋겠어요,0,4
6613,그리고 뭔놈의 계약끝나서 재생 안되고 뭐 요청으로 안되고 또 없는 노래가 이리도 많은지,0,4
6718,근데 제가 좋아하는 노래가 몇곡 없어서 아쉽네요,0,4
6778,제목 그대로 영화에서 나오는 같은 음원들 여러개 추가 부탁드려요 특히 미드나잇선에 나오는 이 두 노래 좀 제발 빨리 추가부탁드려요ㅠㅠㅠㅠ 현기증나네요 부탁드려요,0,4
6989,없는 음악이 많네요,0,4
6990,라든지 차뉴 라든지 불편하네요,0,4
6991,다른 가수의 음악은 잘나오는 것같아요,0,4
6994,팝송 듣을려고 좋은노래들 검색하는데 세상에 광고에도 자주 쓰이는 음원도 없네요,0,4
6995,이건 뭐 국내만 듣고 살라는건가 팝 좋은노래도 없고 질리는데 다른걸로 갈아타고 싶게 만드네요 즐겨듣던 노래도 자꾸 저작권 만료되고 별로네요 몇년째 쓰는데 점점 심각해지는듯 그럼 이만 수고하세요,0,4
7008,다른건 다 좋은데 가끔 유튜브나 다른곳에서 좋은 노래 발견해서 다운 받으려 하면 노래가 없어요,0,4
7009,노래 추가 좀 많이 해주세요,0,4
7010,어쩔땐 가수 자체가 없을때도 있어요,0,4
7054,통신연결이 원활하지않아서 로그인이 안된다는데 와이파이로도 로도 로그인을 할 수가 없네요,0,4
7055,유튜브는 제대로 재생이되는데 지니앱만 이런걸 보니 앱의 문제인걸로밖에 생각되지 않습니다,0,4
7151,가수 노래가 없어요 왜그러는거지 추가좀요,0,4
7152,노래 추가좀 해주세요 다른곳에 비해서 너무 없어요,0,4
7155,아니 왜 얘네 노래없지 업데이트좀요,0,4
7156,노래좀 많이 해줘요,0,4
7157,왜 다 권리사 요청으로 중지된거지 추가좀 해줘요,0,4
7158,요즘들어 노래가 안되는게 많네요 노래 추가해주세요,0,4
7182,찰리 푸스 두아 리파 같은 팝 가수 노래를 자주 듣는 편인데 실시간 가사 안되있는 곡이 꽤 많아서 너무 불편해요 만 아니면 다른 음원 사이트로 넘어갔어요,0,4
7266,인디 노래가 너무 적오요 노래 추가해줘요,0,4
7484,저작권때문에 못듣는곡 많고다른데는 안막혔는데 지니는 유독 많은거같아요,0,4
7548,제발 진짜 전부 다 마음에 드는데 지니뮤직에 있는 전곡 실시간 가사 부탁드립니다 제발요,0,4
7550,일본이나 다른 나라 노래가 너무 부족해요,0,4
7555,있던 노래들도 왜 다 사라지고 있는것 같죠,0,4
7556,노래좀 추가해줘요 이게 왜없지,0,4
7557,완전 희귀곡도 아니고 유명한 곡들인데 왜 없는지 모르겟네요,0,4
7561,이게 왜없지,0,4
7566,아니 왜 중복결제가 됨,0,4
7630,아니 어떻게하면 에미넴 노래를 그것도 명곡을 세 라는 이유로 듣지도 못하게 하나요,0,4
7631,어차피 가사를 보고 하는것도 아니고 단지 음악감상을 한다는것 뿐인데 그것도 막아버리면 그것도 엄연한 차별입니다,0,4
7647,노래가 너무 부족해요,0,4
7662,아니 이거 개유명한데 왜 없는걸까 노래좀 추가해,0,4
7672,중국 노래 추가해주세요,0,4
7673,팝송 너무 적어진것 같은데 요즘 다 권리사 요청으로 정지되었다는데 추가좀 해줘요 제발,0,4
7691,지니 뮤직 방금 막 가입했는데 데이터에서 음질 설정이 에서 다른 음질로 변경이 안되네요 와이파이 상태에서는 되는데 데이터에서는 안됩니다,0,4
7701,추가 좀 해주실수있을까요,0,4
7703,업데이트 부탁드립니다,0,4
7733,지니스트리밍 포인트랑 음악 감상일 아이폰 이렇게 두개가 동시에 사용되고 있는데 하나로 어떻게 해야되는건가요 해결 좀 부탁드립니다,0,4
7785,임영웅 노래 새벽마다 올라오고 아침 보면 차트 줄 세워져 있는 거 어떻게 못 하나요 몇 달째 이러잖아요댓글은 지우기까지제발 제대로 합시다,0,4
7823,음질은 이제 지원도 안하고 전용이용권 만든거 보면은 돈 벌려고 환장한거 같고 오류도 하나도 수정 안하고 실망입니다,0,4
7828,김민규이라는 곡 잘듣고있었는데 관리자요청으로 인해 못듣게 되더라구요,0,4
7829,이곡이 사회적 문제가있나해서 다른 타사이트 로 스트리밍해봤는데 잘만 플레이되고요 아직까지도 해결안되고 그냥 타사이트로 갈아탑니다 한두곡이여야지,0,4
7830,팝송같은 영어가사는 한글뜻도 추가해주셨으면 좋겠어요 ㅠㅠ,0,4
7846,라우브 노래 제발 추가해주세요ㅠㅠㅠ,0,4
7932,아 진짜 지니뮤직어워드 표 때문입니까 퇴근길 음악도 못듣게 하고 개 빡치게 하네,0,4
7948,지니는 지금 음악에 잡음이 너무 심해요ㅠㅠ,0,4
7951,음질이 왜 이러나 싶어요ㅠㅠ,0,4
7980,나의 소녀시대 소행운과 니설타 모두 그러한 이유로 막혔는데 멜론에 들어가보니 재생되는게 노래에 문제가 있는 것은 아닌 것 같네요,0,4
8027,제가 돈 주고 산 지니 원음질 뭔 이용권은 어떻게 보상하실건지 재부팅도 해봤는데 지니만 안됩니다,0,4
8036,특히 이란 노래가 몇 달째 없네요 추가 부탁드립니다,0,4
8042,팝송을 주로 듣는데 뭐만 검색하면없고 적당히없어야지 업데이트도 느리고 조만간 지니때문에 요금제 변경할거같네요ㅎ,0,4
8057,왜 방탄 노래만 관리자에 의해 재생이 중지 됐다고 나오는데요,0,4
8058,저희가 돈 주고 결제해서 듣는 건데 뭐하는 짓인지 모르겠어요 ㅋㅋㅋ,0,4
8059,다른 노래 다 재생 가능한데 굳이 방탄 노래만 이런 거 달아봤자 답글 안 달거고 피드백 안 해줄 거 아는데여 ㅋㅋ,0,4
8060,이런 거 달리면 적어도 읽기라도 해보고 어떻게든 고치려고 해 봐야 되는 거 아닌가 진짜 화나네 ㅋㅋㅋㅋ 돈 주고 듣는 건데 이딴 오류 띄워서 뭐 좋을 거 있다고 자꾸 그러세여,0,4
8087,그리고 왜 유명하지않은 팝송은 없는 경우가 많은가요,0,4
8142,혹시 타사 음악어플들은 코덱 고음질로 제공하고있는데 지니는 제공 계획이 있는지 궁금합니다,0,4
8145,음질도 이정도면 괜찮고 다좋은데 노래가 없어요,0,4
8146,노래가 나름 멜론이랑 벅스랑 나란히 할정도고 노래감상앱인데 노래가 별로 없는게 말이나 되냐구요 지니 혼자 뒤쳐진거 같아요,0,4
8147,적어도 사람들이 요청하는 노래들은 알아서 피드백해주는게 맞다고 봐요,0,4
8218,노래좀 다양하게 가져와주세요ㅠㅠㅠ,0,4
8219,듣고 싶은 해외가수 노래 없는게 태반이고 듣고있는 노래도 관리자 요청으로 중지됐다고 맨날 사라져서 스트레스받아요,0,4
8220,음악 어플인데 없는 음악이 너무 많음,0,4
8343,남미쪽 아티스트들 조금만 더 신경써주시면 안될까요ㅠㅠ,0,4
8344,노래가 너무 없어요ㅠㅠ,0,4
8405,노래 좋아하는 편이라 곡 너무 작아요ㅠㅠ,0,4
8478,년 넘게 쓰고 있는데 음악 업데이트 너무 안되어 있음특히 팝노래 어플은 사용하기 편리한데 제일 중요한 음악이 별로 없으니 그냥 멜론으로 갈아타겠음,0,4
8619,삼생삼세 십리도화 노래가 안 들어지는데 다시 풀어주시면 안돼요 ㅠㅠㅠㅠㅠ 그것만 빼면 다 좋은데 ㅠㅠㅠ,0,4
8649,권리사의 요청으로 듣기가 불가능합니다 라고 뜨는 노래들 좀 풀어주세요 ㅠㅠㅠㅠㅠㅠㅠ,0,4
8705,왜이리 가사등록안됀게많죠,0,4
8765,유튜브에서 듣고 너무 좋아서 플레이리스트에 추가하려고 찾아보면 노래가 없는게 대다수 제발 노래좀 많이 추가해주세요,0,4
8896,유튜브랑 이것저곳 비교해서 한곡을 들었을때 너무 깨져요,0,4
8897,제일 좋은 무손실 원음으로 들었는데도 깨지네요 짜증나서 갈아 탑니다,0,4
8924,예전에 듣던 들 찾다보니 없는 곡이 많네요,0,4
8999,없는 노래도 많아요,0,4
9230,님이 만드신 노래 추가 부탁드립니다,0,4
9274,진짜 다 좋은데ㅠㅠㅠ일본노래 검색하면 없는게 너무 많아요,0,4
9275,신곡은 다 오래됐고 차트에 있는 것도 오래됐고 차트는 변하지도 않고ㅠㅠ,0,4
9354,어떤 특정 곡 들을때면 중후반쯤부터 치직거리는 소리때문에 음악이 제대로 들리지 않습니다,0,4
9455,이 노래 제발 올려주시면 안될까요 이 노래 말고도 지니뮤직은 없는 노래가 너무 많은 것 같아요,0,4
9457,미디어팩 혜택은 점점 줄여가고 듣고싶은 음악은 권리사의 요청으로 서비스 중지되는게 많아졌고내가 이걸 왜 쓰는지 모르겠네요,0,4
9502,권리자 요청으로 서비스 지원불가 이럼서 재생 되던 노래가 안됨ㅋ 짜증나 죽겠어,0,4
9586,독도는 우리땅 새로 바뀐 가사로 업로드 부탁해요,0,4
9587,들어보려고 했는데 없어서 못들었어요,0,4
9690,최근 영화 같은거 듣고 싶은데 없네요,0,4
9691,미드나잇선 영화에서 정말 좋은 노래나왔은데 엠넷같은데는 있던데 업데이트해주세요,0,4
9824,허나 자꾸 이렇게 앱 관리 제대로하지 않으시고 차트 또한 조작되게 내버려두시면 많은 사람들이 피해를 보지 않겠습니까,0,4
9870,제발 음질개선좀 신경써주세요,0,4
9871,통신사할인으로 지니뮤직을 쓰고있긴한데 진짜 음질때문세 못참겠어요,0,4
9872,입체음향있는것도 좋고 다 좋은데 다른건 다 개선하면서 왜 음질부분은 개선할생각을 않하는건지멜론 스포티파이 유튜브뮤직에 비해 음질은 최악입니다,0,4
9873,소리가 좀 넓게나면서 보컬과 반주가 구별되는 느낌이 들면서 소리가 맑아지고 뚜렷해지면서 시원한느낌이 나면 좋을텐데 뭐 지니뮤직을 들어보면 이런거 상관없이 걍 반주고 보컬이고 조금씩 짬뽕되서 귀에 소리지르며 소리를 때려밖은 느낌밖에 안드네요 조금이라도 이부분에 신경써서 개선해주시면 대만족일거 같습니다,0,4
9874,입체음향 효과가 있어도 아무리 기본적인 베이스가 안좋으면 소용없어요,0,4
9875,진짜 다른 음원사이트는 음악이 시원시원한데 지니는 한분들으면 비행기에 타있는듯 먹먹한 느낌이 많아요,0,4
9876,제발 음질개선에 신경많이 써주세요,0,4
9877,다른기능에 불만전혀없고 업데이트도 잘하고계시니까 음질개선좀요 제발게다가 베이스가 개판이에요,0,4
10004,음질또한 별도의 이용권없이는 좋게 들을 수 없고 솔직히 아직까지 지니에서의 좋은점을 하나도 못느끼고 있습니다,0,4
10018,환경별 음질 설정 불가능 에서 데이터소모량 때문에 저음질을 에선 고음질을 택하려면 매번 설정 변경해야함,0,4
10041,그리고 랩 힙합 음악에 가사 제공되지 않는게 너무 많습니다,0,4
10051,일단 노래가 다른 앱들에 비해 너무 적고요 아티스트 차단기능같은게 없어서 무지성 스밍으로 올라오는 노래들로 차트가 난리가 났습니다,0,4
10258,가사는 옆에 수정요청 버튼이라도 만들어주세요 보다보면 어이 없을 정도로 적혀 있는 가사들도 많아요,0,4
10262,그리고 없는 곡이 특히나 많아요,0,4
10339,서비스가 중지된 곡이라는데 이게 한 두개가 아님 뭐 계속 삭제시키고 있긴한데 랜덤 재생하다보면 자꾸 노래 끊겨서 보면 맨날 이 소리 하고있음,0,4
10524,대체 왜 음악의 이나 피아노버젼은 그렇게 많으면서 없는 곡들이 있나요,0,4
10532,요즘들어 지니뮤직 앱으로 음악을 재생할때 많이는 아니지만 디스토션이 좀 들리는것 같아요,0,4
10533,특히 뮤직비디오를 재생할때는 좀 많이 섞여나올 때도 있었어요,0,4
10534,이게 비디오 파일 자체의 문제인가요 그렇게 심하지는 않지만 더 편안한 음악 감상을 위해서 조금이라도 개선이 되었으면 합니다,0,4
10547,음질개선좀 해주세요,0,4
10548,멜론 스포티파이 등등 다른 음원사이트는 음질이 맑고 소리가 보컬과 반주가 구별되면서 넓은느낌을주는데 지니뮤직은 보컬과 반주브금도 별로안되고 특히 저음이나 베이스가 나올에 보컬은 완전히 파묻혀서 잘 안들리고 한분들으면 귀가 먹먹해지는 음질이며 걍 무작적 귀에 때려밖는 느낌 다른 음원사이트들은 공간감도 좋은데 지니뮤직은 공간감 도없고 입체음향효과 있는게 장점이라고 내세우는데 아무리 입체음향효과가 있어봐야 기본음질이 개판이면 도 소용없구요,0,4
10549,마찬가지로 입체음향효과키면 귀가 더 먹먹해지고 다른음악재생하면 입체음향효과가 꺼져버려요 이럴꺼면 입체음향효과를 건드릴게 아니라 음질을 개선할 생각을 하세요,0,4
10551,제발 좀 음질 개선 좀 해주세요,0,4
10583,지니 뮤직을 정말 잘 쓰고 있는 사람입니다 하지만 최근 제가 이별은 매드클라운 이 노래가 모바일에서 재생이 오류가 나 리뷰를 써봅니다 갑자기 노래가 일정 부분들이 안나오고 넘어가져 분노래가 분쯤 정도로 짤려서 나오더군요 빠른 조치 부탁드립니다 핸드폰을 껐다 켜보고 지니 뮤직을 삭제했다,0,4
10584,다시 깔아봐도 다른 노래는 재생이 잘 되지만 이 노래만 문제가 있어 제 핸드폰 문제는 아닌거 같아 글을 써봅니다,0,4
10651,다양한 음원을 즐길 수 있어 만족스러웠으나 원하는 음원이 없어서 아쉬움이 남는다,0,4
10731,음질도 가장 떨어지는고,0,4
10733,그리고 노래 보유가 가장 적음뭐만 검색하면 권리사 노래는 다른 곳은 전부 풀었는데 아직도 권리사 답답 앨범아트도 가장 작고 맘에 드는 거라곤 무료 곡 들을때 현재리스트에 추가할껀지 리스트 새로짤껀지 물어보는거 가지,0,4
10748,들어가보면 관리자의 요청으로 중지됬답니다 리스트에 삭제도 못하게 해놔서 자꾸 듣다가 끊겨요 귀찮고 멜론은 음원순위 조작한다 뭐다해서 안 옮겼는데 너무 불편해서 옮겨요 대략 년은 쓴 것 같은데 플레이리스트에 외국노래가 늘어날수록 불편도가 너무 증가해서 갈아탑니다,0,4
10857,한때는 가장 많은 음원을 보유한 앱이라더니 중복곡만 잔득있어 정작 찾는 음악은 없네요,0,4
10858,그리고 권리문제로 재생할 수 없는 음원은 대체음원으로 변경할 수 있도록 재생목록에 기능을 추가해주세요,0,4
10859,같은 아티스트에 같은 곡명인데 앨범다르다고 못트는건 쫌 불편하네요,0,4
11007,지금 퀸 노래 듣고있는데 가사가 없는게 많고 다른곡의 가사가 붙여진 곡들도 몇개보입니다,0,4
11031,뭐 좀 누르면 기본이 초예요 이용권이 상대적으로 싸서 지니 이용하는데 음악들도 상시로 내려가고 그렇다고 있는 음악도 적고지니를 왜 계속 써야 하나 가끔 의문이 들어요,0,4
11062,그리고 외국 노래좀 많이 추가해주세요,0,4
11156,똑같은 곡 앨범을 왜 자꾸 없앴다가 다시 올렸다가 하시는거죠,0,4
11157,곡을 들으려고 하는데 자꾸 사용 중지된 노래라고 뜨고 다시 찾아보면 다른앨범으로 똑같이 다시 올라와 있어요,0,4
11158,왜 곡을 재업로드 하시는지 모르겠는데 너무 불편해요,0,4
11242,하지만 음원 업데이트가 아쉬워요 사에서 들었던 음원를 검색하면 올라와있지 않은 곡이 많고 심지어 아티스트가 없는 경우도 있습니다,0,4
11243,힘들겠지만 노래 업데이트 열심히 해주셨으면 합니다,0,4
11333,근데 해외 락이나 힙합은 타사와 비교해서 여전히 부족하네요,0,4
11341,없는 노래도 너무많습니다,0,4
11343,다만 너무 마이너 한걸 찾으려 하면 없어서 그게 좀 아쉽 점 점,0,4
11441,팝송 라이센스 없는거 엄청 많은데 통신사 할인때문에 억지로 쓰고있어요,0,4
11609,노래를 찾아 들르시는 분들께는 특히 비추 신곡 업데이트도 느리고 그렇다고 다른 음원 사이트보다 노래가 많지도 않아요,0,4
11630,간헐적으로 갑자기 음악이 나옵니다 심각한건 지니뮤직이 실행이 되지않는상태에서 노래만 나옵니다 이 말은 끌수도없고 실행해보면 노래가 중복되어 나옵니다,0,4
11644,노트인데 재생목록 편집하는데 전에 곡을 선택하면 전에 편집할 때 선택했던 곡이 왜 같이 선택되나요 이것 때문에 잘 듣던 곡 삭제되고 순서 뒤섞이고 하는데 오류 좀 고쳐주세요,0,4
11682,거기서 하나터치해도 처리시간이 적어도초씩은걸리고 기다리다보면 그냥어플꺼지고 하 업데이트하지말걸 노래도넘어가면재생이아니라그냥멈출때도많아요,0,4
11698,노래 가사 있었던 노랜데 렉 걸려서 안 보임,0,4
11699,노래가 안 틀어짐 앱이 안 들어가짐,0,4
11710,평소에 듣는 음악을 잘 캐치했다가 거기에 맞춰 음악 추천해주는 기능도 좋고 다 좋은데 업데이트 이후에 음악이 재생되다 끊기는 현상이 너무 많네요,0,4
11715,곡 재생 제어가 잘 안됩니다,0,4
11844,일단 제가 애용하던 전체 플레이리스트 중 아티스트 선택 듣기 이거 없어진건가요 원래 플리 커버에 재생 누르면 주르륵 옵션 떴었는데요ㅠ,0,4
11872,계속 듣던노래들인데 업뎃하고부터 재생목록의 곡이 정상적으로 재생되지않아 재생을 중지합니다,0,4
11925,음악 재생은 물론 로그인 시에도 타임아웃 오류가 뜨네요앱을 통한 문의를 하려고 하였으나 오류문의 전송 버튼을 누를 때도 타임아웃 창이 뜹니다,0,4
11945,노래재생중에 플레이리스트 편집을 하려고 들어가면 아예 플레이리스트가 교체되버리네요,0,4
12028,지니 음질이 너무 저음질이라 엠넷 이용하고 있었는데 엠넷이 지니로 변환ㅡㅜ 지니 음질을 업그레이드 시키려면 또 뭘 구매하라하는데 꾹 참고 지니팩 가입하려했더니 지니팩 가입하는 순간 요금제 전환하 그리고 메일로 자동결제 하지 않으려면 변경하라는 메일 받은 순간 바로 자동결제 해지 했는데 실제 이번달 계산이 결제해지일 기간보다 전 날짜면 어쩌란건지 메일이 결제되기 전날짜에 도착해야 하는거 아닌가요 엠넷이 지니로 전환된거면 음질도 그대로야 하는데 왜 음질은 엠넷보다 못 한가요 음질은 왜 요금별로 다른거며 일일히 선택해야하고 기본음질은 최저에 맞추어 진건지 실제 유튜브 음질보다 훨씬 못합니다,0,4
12211,어느 순간부터 음량이 비정상적으로 작아졌어요,0,4
12638,그리고 좀 더 다양한 곡이 수록됐으면 하는 바램입니다,0,4
12747,근대왜 같은차량 같은노래를 들어도 지니로들으면 고음에서 찢어짐이 들리는지 모르겠네요,0,4
12748,사용한지 몇개월되었지만 최근에 이런 음원 찢어짐 증상이 심해지고있습니다,0,4
12776,락메탈 매니아인데 처음엔 국내 최대음원 보유이기도 했고 그땐 왠만한 노래는 다 서비스 되기도 했고 근데 지금은 해외메탈앨범은 업뎃도 안되고 있는곡도 다 서비스 제한 걸리고 플레이리스트 만들어논거에서도 서비스 불가곡이 나무 많음,0,4
12858,서비스 중지 되는 곡은 왜 이렇게 많은가요 자동으로 넘어가 버려서 중지된 곡 찾아 없애기도 성가시고 딴거 써보고 이거보다도 별로면 다시 올게용,0,4
12862,오늘은 지지직 거리는 잡음 나와서 음악 듣지도 못하고 있음,0,4
12865,괜찮은데 프랑스노래 등등 너무 없는 노래들이 많아요,0,4
12874,라이센스를 갖고 있는 곡 수가 별로 없나봄 특히 팝송은 검색결과가 없는 곡이 태반임,0,4
12919,무손실음원을 이용하여 음악을 듣고있는데 모든곡이 제공되지 않는것 같더라구요,0,4
13024,노래도 툭하면 저작권 어쩌구 하면서 사라지던데 이제 슬슬 이용권 끊을 때가 왔나보다 년 넘게 쓴 거 같은데 안녕 지니,0,4
13120,하 잘 쓰고 있던 어플이 사라지면서 울며 겨자먹기로 지니뮤직으로 넘어 왔는데 노래가 없는게 너무 많아요,0,4
13121,진짜 당연히 있겠지 하는 노래도 없음,0,4
13130,타사 어플 사용하다 넘어왔는데 재생이 끊겨서 불편해요,0,4
13174,그런데 한가지 불편한 점은 플레이리스트가 자기 멋대로 순서가 바뀌네요ㅜ,0,4
13212,저장공간이 기가 이상 확보됐는데도 플레이리스트에 들어가면 저장공간이 부족하다고 초마다 번씩 떠서 노래 선택을 아예 못하네요,0,4
13215,제가 재생목록을 저 나름대로 정리해두는데 어느날 노래를 건너뛴거 같아서 재생목록을 보면 순서가 바뀌어있고 뒤죽박죽되있어서 다시 정렬해놓아도 또다시 뒤죽박죽되있고합니다,0,4
13245,지니 다 좋은데 재생목록 보기에서 버튼 하나 추가해야할 것 같아요,0,4
13353,듣지 못 하는 노래가 진짜 너무 많아요,0,4
13378,플레이리스트 정렬 순서좀 최근에 추가한 음악이 맨 위에 추가되도록 업뎃해주시면 안되나요ㅠㅠ,0,4
13433,플레이리스트에서 검색해서 곡 틀면 지정한 곡이 안틀어지고 원래 틀고 있던 곡이 다시 시작됩니다,0,4
13441,마이플레이리스트에서 곡명순이나 가수명순으로 바꿀수 있게 해야지 너무 불편합니다,0,4
13534,근데 플레이리스트가 다 날아가서 다시 곡 추가를 해야되네요ㅜㅜ,0,4
13638,내 플레이리스트에서 곡 순서 변경하는게 진짜 짜증나도록 불편합니다,0,4
13679,내 플레이리스트 선택할 때 여러개 선택해서 재생할 수 있도록 해주시면 안될까요,0,4
13929,재생목록 반복재생 설정해놨는데,0,4
13947,혹시 재생목록 편집에서 발매일순 정렬 설정을 넣어주실수 있으신지요 그리고 재생목록 드래그로 편집할때 스크롤 빠르게 내리는 순간 그 사이의 음악들 순서가 다 흐트러져 있습니다,0,4
13961,재생 플레이도 지멋대로되고 제발 개선 좀 부탁드립니다,0,4
14072,오류수정 부탁드립니다 제발 플레이리스트에서 곡 선택을 하면 곡리스트에 뭔 플레이리스트 곡이 다 뜹니다,0,4
14078,결국 플레이리스트는 넘어오지 않았네요,0,4
14087,노래를 재생목록에 추가해서 들을 때 종종 앨범 아트가 깨져서 보입니다,0,4
14138,플레이리스트 정렬을 항상 재생목록 추가 역순 해두는데 새로 재생추가한곡은 역순적용이 안되나요,0,4
14188,아니 플레이리스트에 넣은 곡 삭제하는거 너무 어려워요 제발 바로 플레이리스트에서 선택삭제좀 하게 좀 해주세요,0,4
14196,아까부터 재생목록에 추가 삭제 아무것도 안 되다가 재생목록에 곡이 싹 다 사라져버렸는데 곡 정도 넣어뒀었는데 다시 찾아서 채워 넣을 수가 없어서 복구 안되나요 곤란한데,0,4
14241,간혹가다 연속재생이 안될때있는데 그런 오류만 빼면 완벽할꺼같아요,0,4
14243,오늘 갑자기 일부 플레이리스트를 재생하려고 하면 정상적인 응답이 아닙니다,0,4
14351,같은 앨범인데 어떤 노래는 잘 나오고 어떤 노래는 서버와의 연결이 만료되었다고 재시도 하라고 뜨는게 정상인가요 다운 때문에 그나마 계속 쓰고 있었는데 점점 실망이네요,0,4
14565,재생목록의 곡이 정상적으로 재생되지 않아 음악듣는 앱인데 듣고 싶은 노래를 들을 수 없다,0,4
14631,저장곡을 플레이리스트에 추가하려고 하는데 재생목록에만 추가할 수 있게 되었네요,0,4
14632,예전엔 플레이리스트에 추가할 수 있었는데 이 기능 추가해주셨으면 합니다,0,4
14817,재생중인 노래와 상단바 노래 컨트롤러에 뜨는 노래가 달라요 ㅜ 그러다가 상단바에 있는 컨트롤러가 사라져서 안 떠요 어떻게 해야 해요,0,4
14846,진짜 이러니까 평점이 이따위죠 음원간 음량좀 맞춰요,0,4
14853,오늘 처음써보는건데 이건 한곡도 재생 다 되기전에 음악이 꺼지는 이유가 뭔가요 고속도로에서 계속 음악꺼지니까 음악 키다가 사고날뻔차라리 라디오를 듣고가겠네요,0,4
14894,음악이 계속 이어지지않고 반복이 되네요,0,4
14895,또한 다음 노래로잘 넘어가지 않고 반복이 되네요 어떻하면 처음부터 끝까지 들을수 있을까요 가르쳐 주세요,0,4
15023,아니 플레이리스트에 노래 추가하면 안뜨고 마이로 들어가서 눌러야만 떠요,0,4
15024,재생목록에서 바로 플레이리스트로 넘어가면 절대 안떠요 뭐 쓰란건지 말란건지,0,4
15116,음악을 틀면 상단바에 나오는 음악과 현재음악이 맞지가 않습니다,0,4
15143,플레이리스트 만드는것도 그렇고 편집기능도 어디에 뭐가있는지 다 분리되어있어서 몇번이고 눌러봐야하고 답답하네요,0,4
15222,다른 음악 앱에 비해 플로팅가사도 없고 싱크도 안맞아버리면 할말이 없네요,0,4
15223,내 음악 폴더에 지정한 노래들을 재생하는 데 왜 순서대로 재생 안되고 순서가 마음대로 정해져 재생이 되네요,0,4
15338,로컬음원은 플레이리스트로 이동이 안된다고 하네요,0,4
15374,업데이트하면서 이미 플레이리스트에 있는 노래를 다른곳에서 재생하려고 누르면 그 곡이 플레이리스트 맨 위로 올라오던데 순서가 바뀌는게 불편해요 ㅠㅠ,0,4
15419,가끔식 플레이리스트에 있는 곡들이 모두 사라져요 어느날 들어가보면 다 사라져있죠 하하 그것만 제발 개선해 주면 좋을것 같아요,0,4
15434,아놔 재생목록 곡도 작은데 삭제안되는게 다수임 문의넣었는데 여러번 같은 답변만 앵무새처럼 오고있음,0,4
15435,재생목록때문에 견뎠는데 이제 떠날련다,0,4
15439,엠넷에서 전환하면서 플레이리스트 다 사라짐,0,4
15442,노래 듣고있다가 다음노래 안넘어감,0,4
15443,그리고 다음노래 누르는데 안눌림,0,4
15519,게다가는 가사 싱크도 안맞구요,0,4
15520,느려서 게다가 시간 바도 안맞을때가 잇어요,0,4
15526,뭔 알아서 분류를 해준다고 엠넷에서 계정 이동을 하라더니 분류는 무슨 노래 다 섞어놨네요,0,4
15527,분류해둔 플레이리스트대로 들어가있지도않고 별 진짜 이럴거면 차라리 내가 그냥 새로 플레이리스트를 만들고말았지 리스트 그대로 옮겨주는건줄알고 계정이동해서 지니쓰려던건데 뭘 기준으로 분류를해서 노래를 다 섞어놓은건지를 모르겠네요,0,4
15592,다음곡 순서가 마음에 안들어서 랜덤재생을 다시 눌러도 기존의 순서와 일치하네요ㅠㅠㅠㅠㅠ,0,4
15594,음악플레이리스트에 들어가 안 듣는 음악을 삭제할때 드래그해서 손 쉽게 삭제할 수 있으면 좋겠어요,0,4
15595,재생이 끊겨요 분에서 분초 이후 설정에서 하라는데로 다하고 예전에도 가입했다 재생이 끊겨서 엠넷유료이용했었는데 전환해도 그대로 콜센터연결도 안되고 문의 답변도없고 공짜로 돈버나요,0,4
15615,플레이리스트 다시 만드는게 귀찮아서 다른 어플로 안옮기고 이용중입니다,0,4
15690,노래 안나와서 들어가서 재생버튼 누르면 왜 똑같은곡이 개 나와요 노래꺼도 나오고 노래 들을려고 한거지 스트레스 올릴려고 노래듣는게 아니자나요 개선좀 해요,0,4
15718,음악을 전체 반복으로 듣기로 설정해놨는데 한곡만 무한반복되는 현상 일어납니다,0,4
15724,전체반복 해두는데 어느때부터인가 노래가 곡 나오다가 안나오고 곡 나오다 안나와서 중간중간 화면 켜서 다시 재생해야해요,0,4
15751,두세곡 플레이뒤 자꾸 꺼집니다 한두번그러고 말겠지했는데 계속 반복이네요,0,4
15787,그리고 음질 개망인데다 볼륨은 왜이렇게 큼,0,4
15801,음악이 재생중에 소리가 안나요 일시정지 눌렸나싶어 확인해보면 앱상에서는 재생중입니다,0,4
15852,노래 들을라고하면 재생안되고 먹통됨 어쩌다가 되면 강제종료되다가 이제는 앱자체가 안들어가짐,0,4
15857,피씨로 재생할 때 재생목록 추가 너무 불편해요,0,4
15863,노래자꾸꺼지고 심지어 노래틀면 폰까지 꺼졌다 켜지는 경우도 있습니다,0,4
15864,왜 노래재생이 안되는거죠,0,4
15865,노래도 이중으로 나오고 노래 넘기는것도 너무 느리고 진짜 통신사 제휴라서 어쩔수없이 쓰는데 너무 불편해요,0,4
15946,플레이리스트 곡들을 발매일 순으로 할 수 있었으면 좋겠어요,0,4
16013,플리 들어가서 노래 켜질 때까지 렉도 많이 걸리고 개인적인 느낌이지만 멜론에 비해서 음질도 살짝 떨어지는 것 같아요,0,4
16045,곡 편집 및 앨범 편집 진심 너무 불편 특히 마이앨범 곡편집 넘 불편하네요 사용성 임ㅜ,0,4
16081,음악재생목록 좀늘려주세요ㅠㅠ,0,4
16120,엠넷에서 쓰던 플레이리스트는 어디로간겁니까 엠넷 아이디 없이 핸드폰 번호로만 이용했던사람들은 그냥 예전 플레이리스트 없이 써야하나요 빠른답변주세요 멜론으로 가기전에,0,4
16151,플레이멈춤해도계속 나오고 이중으로 도돌이플레이되고있어요,0,4
16291,딴건 다 갠찬은데 노래 중복있으면 하나만설정했으면 좋겟고 노래 가사 싱크로율이 너무 안맞아요 ㅠㅠ,0,4
16356,플레이리스트 설정하는거 좀 편하게 바꾸고 노래 넘기면 바로쫌 들리게 해라 속터지네,0,4
16358,노래가 중간에 갑자기 몇초 넘어가서 나와요앱을 껐다 켜도 계속 그러네요ㅠㅠㅠㅠㅠㅠ,0,4
16551,자꾸 정지되서 재생하면 첨부터 다시 재생되고 이건 미리듣기랑 뭐가 다릅니까 이런 서비스 제공하고 돈 받아갑니까,0,4
16651,노래는 재생되고 있는데 노래가 안들리네요,0,4
16703,노래랑 가사랑 속도가 맞지 않아요,0,4
16711,지니허그에 음악이 후렴부분이 지나면 다시 첨부터 돌아가고 두세번 반복하네요,0,4
16734,왜 몇몇곡들은 가사들이 조금씩 다른거죠,0,4
16735,다운받고 가사보려고 하면 들리는거랑 다르고 또 실제로 검색해보면 가사가 틀려요,0,4
16741,계속 재생오류 나요,0,4
16769,휴대폰에 따로 저장된 음악파일도 플레이리스트에 담아 들을 수 있었는데 이젠 그러지 못해서 불편해요,0,4
16777,저도 요금제때문에 넘어왔는데 노래 자꾸 멈추고 재생속도랑 노래랑 안맞고 노래가사랑도 안맞아요,0,4
16789,이어폰에 연결했는데 노래가 안나와요 처음에는 이어폰이 고장난 줄 알았는데 앱이 문제네요,0,4
16813,왜 선택재생 할 때 랜덤은 안됩니까 선택해서 랜덤으로 듣고 싶은데 안되네요,0,4
16821,엠넷에서 이전했는데 플레이리스트가 이전되지 않았네요,0,4
16890,재생목록에 추가도 안되고 앨범자체도 안눌려지는데 장난까나,0,4
16901,재생제어도 안돼고 음악이 실행중인지 아닌지를 분간할 수 없어 불편합니다,0,4
16921,아니 대체 노래가 왜 끊기는거죠,0,4
16953,플레이리스트 노래가 갑자기 다른 플레이리스트 노래로 바뀜,0,4
17031,솔직히 과장이아니라 이번과 같은 재생오류 한두번이 아니었거든요,0,4
17038,첫 검색 화면 빼고 곡 앨범 아트스트 페이지가 싹다 안보여요,0,4
17118,노래에 가사없는게 너무많음 ㅋㅋㅋ,0,4
17119,특히 는 전곡 가사가 없다고 봐도 무방함 통신사 혜택으로 공짜라서 쓰지 공짜 아니였으면 진즉에 멜론으로 갈아탔을것임,0,4
17211,플레이리스트 따로 만들어도 처음곡부터 재생되는 건 왜그런거에요,0,4
17213,사용할때ㅜㅜㅠ 재생목록 추가는 또 뭐고,0,4
17215,가사표시 싱크가 하나도 안맞아요,0,4
17225,전 분명히 노래재생을 끄고 어플종료도 했는데 노래가 계속 재생되요ㅠㅠ 무서웠습니다,0,4
17372,플레이리스트 추가를 하면 이미 되있다고만하고 정작 리스트엔 없어요,0,4
17436,아니 왜 음악이 재생이 안돼,0,4
17452,근데 노래 가사볼때 싱크가 안맞아요,0,4
17482,플레이리스트에서 곡 삭제가 안되네요 기본이 안되어 있는 멜론 보고 배우세요,0,4
17518,근데 제가 춤출때 필요해서 듣고있었눙데 분명 와이파이도 정상인데 관리사에서 요청한거라고 뜨면서 재생이 안되네요,0,4
17561,요즘 음악재생이 원활하게 잘 안되는 오류가 너무 자주 발생함 돈내고 쓰는데 진짜 안좋음,0,4
17712,이번에는 플레이리스트가 왜 개 밖에 없음 점점 망해가냐 멜론으로 갈아타버린다,0,4
17777,노래 중지 시킨 적도 없는데 혼자 노래 멈추고 어플 자체가 꺼질 때가 많아요,0,4
17848,가사가 계속 오류나서 안 뜰 때가 많아요,0,4
17852,음량이 곡마다 다름 다른 곳에 비해 현저히 낮은 해외 노래 등록수 스트리밍도 겁나 끊기는데 어느순간 도 별도 요금 받네,0,4
17858,진짜 업뎃을 하지 말지 노래가 재생은 되는데 소리가 안나오고 음악을 듣는 앱인데 음악이 안나오게 업뎃을 하면 어떻게 합니까,0,4
17895,플레이리스트 진입할때마다 버벅거리고 가끔씩 꺼져버리고 먹통되고,0,4
17920,개발자님들 고생하시는거 아는데여 갤럭시 폰에서 앨범아트가 안보여요 이것좀 고쳐주시면 감사하겠습니다,0,4
18010,뭐하자는 건지 노래의 재생이 안됩니다,0,4
18105,업데이트후 노래 재생이 안됩니다,0,4
18246,제발 노래듣다가 강제로 꺼지고 검색만 하면 렉걸리고 며칠째에요 개선 좀 부탁,0,4
18247,갑자기 재생이 안돼서 삭제했다,0,4
18263,노래랑 가사 뜨는 부분 싱크가 안 맞아서 너무 불편해요,0,4
18300,왜이렇게 노래가 재생이 됬다 끊겼다 합니까 몇일째 계속 이러는데 언제 쯤 고쳐지나요,0,4
18301,노래가 왜이리 끊기나요 포인트로 유입했는데 그냥 쓰던 어플 써야겠네요,0,4
18524,노래음질도좋고나쁠게없는대하나가노래다들으면가끔식다음노래가바로안나오고직접눌러야하는경후가있더라고요그것만고처주면진짜너무쟇을것같네요,0,4
18647,노래가사 싱크가 안맞아요,0,4
18721,노래 두곡이 겹쳐서 재생됩니다ㅡㅡ,0,4
18726,노래가 자꾸 자동으로 멈춰요,0,4
18728,어제부터 노래를 듣고있으면 앱이 갑자기 종료됩니다 해결해주세요,0,4
18830,지니뮤직 잘 쓰다가 핸드폰 바꾼뒤로 앱을꺼도 계속노래가나오네요 업데이트도 안뜨고 이 증상좀 잡아주세요,0,4
18833,왜이래요 네트워크문제가끔 전혀재생안되고 이 문제는 해결할수 없는건가요,0,4
18939,노래들을려고하면 다른 노래로 나오고,0,4
18940,가사좀 제대로 나오게 해줘요,0,4
18954,나만 이어폰 가끔씩 한쪽으로 들리나 개선 좀 해라,0,4
18967,근데 다운받으니까 가사가 다르게 나와요 오타도 있고 빼먹은 가사도 있어요,0,4
18977,노래가 처음 나오다 시간은가는데 소리가안들려요,0,4
19012,음질도 별로고,0,4
19053,왜 곡이 서비스중단 됐죠 앨범표지만 다른 곡이 또있고,0,4
19114,잘 쓰다가 번씩 맛탱이 감 로그인 안 되고 노래 재생도 안 되고 총체적 난국,0,4
19161,음악을 듣다보면 스피커가 찢어질듯이 찌이익 거리는 잡음이 들려요,0,4
19193,제발 플레이스트 만들면 전체듣기 눌러서 듣는데 제발 한 플레이스트에 있는노래만 틀게 해주세요,0,4
19238,노트인데 자꾸 노래초정도들으면 꺼지네요 수정좀요 짜증나요,0,4
19239,재생 너무 자주끊김요금제에 포함된거라 쓰는데 진짜 너무 구려요ㅠㅠ,0,4
19262,뮤직허그도 한노래만 주구장창나오고 개빡쳐요진짜,0,4
19325,서버와의 연결이 만료되었다고 뜨면서 노래 재생이 안되요 어플 수준이 왜 이렇죠,0,4
19326,너무 느리고 음악도 갑자기 한 번에 곡씩 재생이 되나요,0,4
19413,왜 차량에서 블루투스 연결시 앨범사진이 나오지 않을까요,0,4
19461,옛날노래들은 음질도 엠넷에 비해서 좋지 않고 화납니다,0,4
19462,진짜느리고 음질도 별론데 업데이트 할때마다 구려지네요,0,4
19558,노래 재생 시 배속으로 재생되요 왜이래요,0,4
19559,다음곡으로 넘기면 상단바엔 이전곡 정보가 뜹니다,0,4
19596,상단바에 플레이리스트를 꺼도 왜또 플레이리스트가 뜨는거죠,0,4
19621,리뷰로 말씀드린 부분 플레이 리스트 편집기능 등 을 만들어 주셨어요,0,4
19622,잠금화면 플레이리스트 기능 해제했는데 주기적으로 켜짐 ㅡㅡ,0,4
19633,노래가 계속 중간에 멈춰요,0,4
19660,유플로 공짜로 노래듣는데옛날노래는음질이너무 안좋아요,0,4
19712,지금 재생이 안돼고 타임 아웃이라는 오류만 뜨네요,0,4
19830,노래가 마음대로 틀어지고 재생오류가 자주 뜹니다,0,4
19851,실시간가사보기가 노래싱크랑 안맞아요지웠다깔아도 계속그러네요 문제가뭔가요,0,4
19887,노래가 별로 없고 가사가 안 떠요,0,4
19909,다운로드한 를 플레이리스트에 넣을 수 없습니다,0,4
19931,지니팩으로 음질을 잘 듣고잇엇는데 어느순간 이상하더니 막아둿네요이러면 굳이 에서 지니팩 들을 필요가잇나요 그냥 유브로 갈아타야되나,0,4
19970,노래가 시작하자마자 바로 다음곡으로 넘어가버립니다,0,4
20029,진짜,0,4
20060,가사가 왜 자꾸 안 뜨나요 가사가 떴다 안 떴다 가사 정보를 확인 할 수 없습니다,0,4
20083,가사싱크가 하나도 안맞아요,0,4
20107,플레이리스트 동기화는 어떻게 하나요 ㅠㅠ,0,4
20115,재생목록 순서 맘대로 바뀌는 버그는 고칠 생각이 없는건가요,0,4
20143,플레이리스트 순서 왜자꾸 지맘대로 바뀌는거죠ㅜㅜ,0,4
20144,편집하기로 음악 순서 바꾸면 선택안한 다른 음악들 순서까지 섞여요,0,4
20199,다 좋은데 계속 가사가 다른 노래랑 바뀌네요,0,4
20201,사용하기 진짜 어려움 플레이리스트 개별로삭제도안돔,0,4
20306,음악이 지멋대로 끊기고 다른 음악으로 재생돼요,0,4
20307,곡 재생 중 가사 싱크 안 맞아요,0,4
20308,가사 뿐만 아니라 전체적으로 음악 재생 시간 그게 안 맞아요,0,4
20332,저만 그런가요 그노래틀면 앨벌사진이 이상하게 나와요 ㅠㅠ 매번그런건 아니지만 불편해요 ㅠ,0,4
20348,업데이트 하고나서 싱크도 안맞고 가사도 싱크가 안맞네요 고쳐주세요ㅠ,0,4
20349,가사가 이상해요,0,4
20366,음악이 지지직 거리거나 느려질 때가 있어요,0,4
20406,가사 기능 안됨,0,4
20460,그리고 앨범사진이 다 잘려 나와요 ㅠㅠ,0,4
20482,진짜ㅋㅋㅋㅋㅋㅋㅋㅋㅋㅋㅋㅋ 다시 로그아웃하고 로그인하니 이젠 재생목록 싹다사라짐ㅋㅋㅋㅋㅋㅋㅋㅋㅋㅋㅋㅋ,0,4
20514,파라미터 데이터 형식이 잘못되었다면서 플레이리스트 수정이 안되네용,0,4
20521,가사가 안나오는것들 있어요,0,4
20588,노래틀고 가사가 가끔씩 못따라가는건 왜그런거죠,0,4
20589,노래는 가는데 가사가 멈춰있어요,0,4
20591,대충 여년정도 지니이용햇는데 갈아탈랍니다 이용요금이 싼거도아닌데 무슨 어플로 노래재생하면 뭔놈의 오류가많은지진짜ㅡㅡ 어지간하면 참고쓰는데 한시간 운전하면서 따로 손안대면 노래 곡도 재생이안되는게 정상입니까,0,4
20602,그리고 머때문인지 노래가계속 안나옵니다 지니드가는데 렉이계속걸리고 조치해주세요,0,4
20628,진짜 너무 열받아서 처음으로 써봅니다 업뎃왜하는거죠제발 근본기초적인것부터 제대로 해놓고 업뎃을하세요 노래 한곡듣고 다음곡 재생이안돼요진짜 담달부터 멜론갑니다,0,4
20635,재생오류 뭔가요 하 앱 너무 후져요,0,4
20659,좀비도 아니고 껐는데 상단바에 왜 자꾸 뜨나요,0,4
20665,데이터쓸때랑 와이파이쓸때랑 스트리밍 음질 다르게 설정할수있게 해주세요,0,4
20666,다 좋은데 네이버페이나 카카오페이로도 결제가 가능 할 수 있으면 좋겠어요,0,4
20669,노래 예약 기능 있으면 너무 좋을것같아요,0,4
20681,아니 왜 좌측상단 메뉴판 없애버렸나요,0,4
20687,왜 가사가 계속 안나오나요 최신 음악들 까지 그러네요,0,4
20695,재생오류 진짜 미친듯이 뜨네,0,4
20700,노래 끊김,0,4
20734,실시간 가사 지원 안되는게 너무 많음 심지어 도 지원 되는 것도 여기서는 안됨,0,4
20790,그래서가요 피아노 커버곡을 많이 찾는편인데 가요 피아노커버곡은없네요,0,4
20794,노래 가사를 못따라가잖아,0,4
20800,계속 잘써오다 노트플러스로 바꾸니 가사 싱크가 안맞네요 맞을땐 맞다가 갑자기 안맞아지다가 ㅜㅜ,0,4
20805,아직도 가끔 음악이 두곡 겹쳐 들리고 ,0,4
20813,이제는 노래 재생도 안된다,0,4
